dataset,model,prompt,Accuracy,Precision,Recall,F1
toy,mistral:latest,zero_shot,0.63,0.6923076923076923,0.631578947368421,0.6605504587155963
toy,gemma:7b,zero_shot,0.5,0.5,1.0,0.6666666666666666
