dataset,model,prompt,Accuracy,Precision,Recall,F1
cvefixes_50,qwen2.5:32b-instruct-q4_K_M,zero_shot,0.5,0.5,0.89,0.6402877697841726
cvefixes_50,qwen2.5:32b-instruct-q4_K_M,few_shot,0.53,0.5230769230769231,0.68,0.591304347826087
cvefixes_50,qwen2.5:32b-instruct-q4_K_M,cot,0.5025380710659898,0.5035460992907801,0.7171717171717171,0.5916666666666667
cvefixes_50,qwen2.5:32b-instruct-q4_K_M,adaptive_cot,0.495,0.49645390070921985,0.7,0.5809128630705395
cvefixes_50,qwen2.5:32b-instruct-q4_K_M,self_consistency,0.4782608695652174,0.4875,0.8478260869565217,0.619047619047619
